485.912407,218.149918,13.31,sp|P00442|SODC_BOVIN.GDGPVQGTIHFEAK.+3y2.light,100,30.3,,,sp|P00442|SODC_BOVIN.GDGPVQGTIHFEAK.light,325475,,,1
485.912407,631.319837,13.31,sp|P00442|SODC_BOVIN.GDGPVQGTIHFEAK.+3y5.light,100,30.3,,,sp|P00442|SODC_BOVIN.GDGPVQGTIHFEAK.light,201034,,,1
485.912407,494.260925,13.31,sp|P00442|SODC_BOVIN.GDGPVQGTIHFEAK.+3y4.light,100,30.3,,,sp|P00442|SODC_BOVIN.GDGPVQGTIHFEAK.light,129834.6,,,2
485.912407,902.473043,13.31,sp|P00442|SODC_BOVIN.GDGPVQGTIHFEAK.+3y8.light,100,27.3,,,sp|P00442|SODC_BOVIN.GDGPVQGTIHFEAK.light,100110.4,,,2
485.912407,744.403901,13.31,sp|P00442|SODC_BOVIN.GDGPVQGTIHFEAK.+3y6.light,100,30.3,,,sp|P00442|SODC_BOVIN.GDGPVQGTIHFEAK.light,63144.56,,,2
485.912407,845.451579,13.31,sp|P00442|SODC_BOVIN.GDGPVQGTIHFEAK.+3y7.light,100,24.3,,,sp|P00442|SODC_BOVIN.GDGPVQGTIHFEAK.light,26983.88,,,2
409.210564,434.224539,10.18,sp|P00442|SODC_BOVIN.HVGDLGNVTADK.+3y4.light,100,20.5,,,sp|P00442|SODC_BOVIN.HVGDLGNVTADK.light,1039951,,,1
409.210564,333.176861,10.18,sp|P00442|SODC_BOVIN.HVGDLGNVTADK.+3y3.light,100,20.5,,,sp|P00442|SODC_BOVIN.HVGDLGNVTADK.light,694500.4,,,1
409.210564,262.139747,10.18,sp|P00442|SODC_BOVIN.HVGDLGNVTADK.+3y2.light,100,29.5,,,sp|P00442|SODC_BOVIN.HVGDLGNVTADK.light,419201.5,,,2
409.210564,533.292953,10.18,sp|P00442|SODC_BOVIN.HVGDLGNVTADK.+3y5.light,100,17.5,,,sp|P00442|SODC_BOVIN.HVGDLGNVTADK.light,234326.3,,,2
409.210564,647.335881,10.18,sp|P00442|SODC_BOVIN.HVGDLGNVTADK.+3y6.light,100,17.5,,,sp|P00442|SODC_BOVIN.HVGDLGNVTADK.light,128769.1,,,2
409.210564,704.357344,10.18,sp|P00442|SODC_BOVIN.HVGDLGNVTADK.+3y7.light,100,17.5,,,sp|P00442|SODC_BOVIN.HVGDLGNVTADK.light,68471.92,,,2
499.589047,672.33113,9.72,sp|P00442|SODC_BOVIN.TMVVHEKPDDLGR.+3y6.light,100,34,,,sp|P00442|SODC_BOVIN.TMVVHEKPDDLGR.light,33285.18,0.935599975585938,,1
499.589047,800.426093,9.72,sp|P00442|SODC_BOVIN.TMVVHEKPDDLGR.+3y7.light,100,34,,,sp|P00442|SODC_BOVIN.TMVVHEKPDDLGR.light,17731.59,0.935599975585938,,1
499.589047,345.22448,9.72,sp|P00442|SODC_BOVIN.TMVVHEKPDDLGR.+3y3.light,100,37,,,sp|P00442|SODC_BOVIN.TMVVHEKPDDLGR.light,12404.25,0.935599975585938,,2
499.589047,929.468686,9.72,sp|P00442|SODC_BOVIN.TMVVHEKPDDLGR.+3y8.light,100,28,,,sp|P00442|SODC_BOVIN.TMVVHEKPDDLGR.light,9355.198,0.935599975585938,,2
499.589047,460.251423,9.72,sp|P00442|SODC_BOVIN.TMVVHEKPDDLGR.+3y4.light,100,37,,,sp|P00442|SODC_BOVIN.TMVVHEKPDDLGR.light,7039.138,0.935599975585938,,2
499.589047,575.278366,9.72,sp|P00442|SODC_BOVIN.TMVVHEKPDDLGR.+3y5.light,100,31,,,sp|P00442|SODC_BOVIN.TMVVHEKPDDLGR.light,3090.536,0.935599975585938,,2
534.253828,868.404688,10.84,tr|Q4ADJ7|Q4ADJ7_CHICK.AQSDFGVDTK.+2y8.light,100,25.7,,,tr|Q4ADJ7|Q4ADJ7_CHICK.AQSDFGVDTK.light,697898.2,,,1
534.253828,248.160482,10.84,tr|Q4ADJ7|Q4ADJ7_CHICK.AQSDFGVDTK.+2y2.light,100,37.7,,,tr|Q4ADJ7|Q4ADJ7_CHICK.AQSDFGVDTK.light,504270.8,,,1
534.253828,363.187425,10.84,tr|Q4ADJ7|Q4ADJ7_CHICK.AQSDFGVDTK.+2y3.light,100,34.7,,,tr|Q4ADJ7|Q4ADJ7_CHICK.AQSDFGVDTK.light,318438.1,,,2
534.253828,666.345717,10.84,tr|Q4ADJ7|Q4ADJ7_CHICK.AQSDFGVDTK.+2y6.light,100,31.7,,,tr|Q4ADJ7|Q4ADJ7_CHICK.AQSDFGVDTK.light,316650.9,,,2
534.253828,519.277303,10.84,tr|Q4ADJ7|Q4ADJ7_CHICK.AQSDFGVDTK.+2y5.light,100,31.7,,,tr|Q4ADJ7|Q4ADJ7_CHICK.AQSDFGVDTK.light,214773.3,,,2
534.253828,781.37266,10.84,tr|Q4ADJ7|Q4ADJ7_CHICK.AQSDFGVDTK.+2y7.light,100,25.7,,,tr|Q4ADJ7|Q4ADJ7_CHICK.AQSDFGVDTK.light,155629.2,,,2
401.204862,301.187031,16.94,tr|Q4ADJ7|Q4ADJ7_CHICK.SDFHLFGPPGK.+3y3.light,100,23.1,,,tr|Q4ADJ7|Q4ADJ7_CHICK.SDFHLFGPPGK.light,918713.3,,,1
401.204862,398.239795,16.94,tr|Q4ADJ7|Q4ADJ7_CHICK.SDFHLFGPPGK.+3y4.light,100,26.1,,,tr|Q4ADJ7|Q4ADJ7_CHICK.SDFHLFGPPGK.light,717979.4,,,1
401.204862,455.261259,16.94,tr|Q4ADJ7|Q4ADJ7_CHICK.SDFHLFGPPGK.+3y5.light,100,20.1,,,tr|Q4ADJ7|Q4ADJ7_CHICK.SDFHLFGPPGK.light,605582,,,2
401.204862,602.329673,16.94,tr|Q4ADJ7|Q4ADJ7_CHICK.SDFHLFGPPGK.+3y6.light,100,23.1,,,tr|Q4ADJ7|Q4ADJ7_CHICK.SDFHLFGPPGK.light,497979.5,,,2
401.204862,715.413737,16.94,tr|Q4ADJ7|Q4ADJ7_CHICK.SDFHLFGPPGK.+3y7.light,100,20.1,,,tr|Q4ADJ7|Q4ADJ7_CHICK.SDFHLFGPPGK.light,403248.4,,,2
401.204862,204.134267,16.94,tr|Q4ADJ7|Q4ADJ7_CHICK.SDFHLFGPPGK.+3y2.light,100,29.1,,,tr|Q4ADJ7|Q4ADJ7_CHICK.SDFHLFGPPGK.light,262604.2,,,2
524.266541,737.394064,16.31,tr|Q4ADJ7|Q4ADJ7_CHICK.YFGYTGALR.+2y7.light,100,25.2,,,tr|Q4ADJ7|Q4ADJ7_CHICK.YFGYTGALR.light,653076.8,,,1
524.266541,517.309272,16.31,tr|Q4ADJ7|Q4ADJ7_CHICK.YFGYTGALR.+2y5.light,100,28.2,,,tr|Q4ADJ7|Q4ADJ7_CHICK.YFGYTGALR.light,98314.19,,,1
524.266541,884.462478,16.31,tr|Q4ADJ7|Q4ADJ7_CHICK.YFGYTGALR.+2y8.light,100,28.2,,,tr|Q4ADJ7|Q4ADJ7_CHICK.YFGYTGALR.light,89723.82,,,2
524.266541,416.261593,16.31,tr|Q4ADJ7|Q4ADJ7_CHICK.YFGYTGALR.+2y4.light,100,34.2,,,tr|Q4ADJ7|Q4ADJ7_CHICK.YFGYTGALR.light,61494.29,,,2
524.266541,680.3726,16.31,tr|Q4ADJ7|Q4ADJ7_CHICK.YFGYTGALR.+2y6.light,100,28.2,,,tr|Q4ADJ7|Q4ADJ7_CHICK.YFGYTGALR.light,61566.02,,,2
524.266541,175.118952,16.31,tr|Q4ADJ7|Q4ADJ7_CHICK.YFGYTGALR.+2y1.light,100,40.2,,,tr|Q4ADJ7|Q4ADJ7_CHICK.YFGYTGALR.light,40331.11,,,2
608.986523,800.389707,11.28,sp|P00432|CATA_BOVIN.AAQKPDVLTTGGGNPVGDK.+3y9.light,100,24.4,,,sp|P00432|CATA_BOVIN.AAQKPDVLTTGGGNPVGDK.light,86713.59,,,1
608.986523,743.368243,11.28,sp|P00432|CATA_BOVIN.AAQKPDVLTTGGGNPVGDK.+3y8.light,100,27.4,,,sp|P00432|CATA_BOVIN.AAQKPDVLTTGGGNPVGDK.light,37119.95,,,1
608.986523,515.282388,11.28,sp|P00432|CATA_BOVIN.AAQKPDVLTTGGGNPVGDK.+3y5.light,100,39.4,,,sp|P00432|CATA_BOVIN.AAQKPDVLTTGGGNPVGDK.light,30128.13,,,2
608.986523,901.437386,11.28,sp|P00432|CATA_BOVIN.AAQKPDVLTTGGGNPVGDK.+3y10.light,100,30.4,,,sp|P00432|CATA_BOVIN.AAQKPDVLTTGGGNPVGDK.light,31987.08,,,2
608.986523,319.161211,11.28,sp|P00432|CATA_BOVIN.AAQKPDVLTTGGGNPVGDK.+3y3.light,100,39.4,,,sp|P00432|CATA_BOVIN.AAQKPDVLTTGGGNPVGDK.light,23877.39,,,2
608.986523,1002.485064,11.28,sp|P00432|CATA_BOVIN.AAQKPDVLTTGGGNPVGDK.+3y11.light,100,27.4,,,sp|P00432|CATA_BOVIN.AAQKPDVLTTGGGNPVGDK.light,9538.881,,,2
429.210564,345.22448,10.98,sp|P00432|CATA_BOVIN.LAHEDPDYGLR.+3y3.light,100,21.5,,,sp|P00432|CATA_BOVIN.LAHEDPDYGLR.light,240055.7,,,1
429.210564,508.287808,10.98,sp|P00432|CATA_BOVIN.LAHEDPDYGLR.+3y4.light,100,24.5,,,sp|P00432|CATA_BOVIN.LAHEDPDYGLR.light,125111.6,,,1
429.210564,175.118952,10.98,sp|P00432|CATA_BOVIN.LAHEDPDYGLR.+3y1.light,100,30.5,,,sp|P00432|CATA_BOVIN.LAHEDPDYGLR.light,43013.64,,,2
429.210564,288.203016,10.98,sp|P00432|CATA_BOVIN.LAHEDPDYGLR.+3y2.light,100,24.5,,,sp|P00432|CATA_BOVIN.LAHEDPDYGLR.light,43099.95,,,2
429.210564,623.314751,10.98,sp|P00432|CATA_BOVIN.LAHEDPDYGLR.+3y5.light,100,21.5,,,sp|P00432|CATA_BOVIN.LAHEDPDYGLR.light,32805.24,,,2
429.210564,720.367515,10.98,sp|P00432|CATA_BOVIN.LAHEDPDYGLR.+3y6.light,100,24.5,,,sp|P00432|CATA_BOVIN.LAHEDPDYGLR.light,12990.76,,,2
469.881107,708.33113,11.11,sp|P00432|CATA_BOVIN.NFSDVHPEYGSR.+3y6.light,100,26.5,,,sp|P00432|CATA_BOVIN.NFSDVHPEYGSR.light,385216.1,,,1
469.881107,482.235772,11.11,sp|P00432|CATA_BOVIN.NFSDVHPEYGSR.+3y4.light,100,32.5,,,sp|P00432|CATA_BOVIN.NFSDVHPEYGSR.light,51983.79,,,1
469.881107,262.15098,11.11,sp|P00432|CATA_BOVIN.NFSDVHPEYGSR.+3y2.light,100,20.5,,,sp|P00432|CATA_BOVIN.NFSDVHPEYGSR.light,28386.77,,,2
469.881107,611.278366,11.11,sp|P00432|CATA_BOVIN.NFSDVHPEYGSR.+3y5.light,100,32.5,,,sp|P00432|CATA_BOVIN.NFSDVHPEYGSR.light,25587.82,,,2
469.881107,319.172444,11.11,sp|P00432|CATA_BOVIN.NFSDVHPEYGSR.+3y3.light,100,32.5,,,sp|P00432|CATA_BOVIN.NFSDVHPEYGSR.light,17632.87,,,2
469.881107,845.390041,11.11,sp|P00432|CATA_BOVIN.NFSDVHPEYGSR.+3y7.light,100,26.5,,,sp|P00432|CATA_BOVIN.NFSDVHPEYGSR.light,17135.81,,,2
473.902743,721.318516,17.34,sp|P02769|ALBU_BOVIN.SLHTLFGDELC[CAM]K.+3y6.light,100,23.7,,,sp|P02769|ALBU_BOVIN.SLHTLFGDELC[CAM]K.light,181424.6,,,1
473.902743,307.143452,17.34,sp|P02769|ALBU_BOVIN.SLHTLFGDELC[CAM]K.+3y2.light,100,32.7,,,sp|P02769|ALBU_BOVIN.SLHTLFGDELC[CAM]K.light,136783.3,,,1
473.902743,420.227516,17.34,sp|P02769|ALBU_BOVIN.SLHTLFGDELC[CAM]K.+3y3.light,100,23.7,,,sp|P02769|ALBU_BOVIN.SLHTLFGDELC[CAM]K.light,75063.2,,,2
473.902743,549.270109,17.34,sp|P02769|ALBU_BOVIN.SLHTLFGDELC[CAM]K.+3y4.light,100,23.7,,,sp|P02769|ALBU_BOVIN.SLHTLFGDELC[CAM]K.light,57464.16,,,2
473.902743,664.297052,17.34,sp|P02769|ALBU_BOVIN.SLHTLFGDELC[CAM]K.+3y5.light,100,23.7,,,sp|P02769|ALBU_BOVIN.SLHTLFGDELC[CAM]K.light,47110.89,,,2
473.902743,868.38693,17.34,sp|P02769|ALBU_BOVIN.SLHTLFGDELC[CAM]K.+3y7.light,100,17.7,,,sp|P02769|ALBU_BOVIN.SLHTLFGDELC[CAM]K.light,10328.75,,,2
526.260707,698.281402,15.1,sp|P02769|ALBU_BOVIN.LKPDPNTLC[CAM]DEFK.+3y5.light,100,26.3,,,sp|P02769|ALBU_BOVIN.LKPDPNTLC[CAM]DEFK.light,194435.4,1.10730140686035,,1
526.260707,294.181218,15.1,sp|P02769|ALBU_BOVIN.LKPDPNTLC[CAM]DEFK.+3y2.light,100,32.3,,,sp|P02769|ALBU_BOVIN.LKPDPNTLC[CAM]DEFK.light,68176.12,1.10730140686035,,1
526.260707,811.365466,15.1,sp|P02769|ALBU_BOVIN.LKPDPNTLC[CAM]DEFK.+3y6.light,100,23.3,,,sp|P02769|ALBU_BOVIN.LKPDPNTLC[CAM]DEFK.light,43697.33,1.10730140686035,,2
526.260707,538.250754,15.1,sp|P02769|ALBU_BOVIN.LKPDPNTLC[CAM]DEFK.+3y4.light,100,26.3,,,sp|P02769|ALBU_BOVIN.LKPDPNTLC[CAM]DEFK.light,23962.78,1.10730140686035,,2
526.260707,423.223811,15.1,sp|P02769|ALBU_BOVIN.LKPDPNTLC[CAM]DEFK.+3y3.light,100,35.3,,,sp|P02769|ALBU_BOVIN.LKPDPNTLC[CAM]DEFK.light,18810.29,1.10730140686035,,2
526.260707,912.413145,15.1,sp|P02769|ALBU_BOVIN.LKPDPNTLC[CAM]DEFK.+3y7.light,100,29.3,,,sp|P02769|ALBU_BOVIN.LKPDPNTLC[CAM]DEFK.light,16984.87,1.10730140686035,,2
435.910226,147.112804,14.11,sp|P02769|ALBU_BOVIN.HLVDEPQNLIK.+3y1.light,100,18.8,,,sp|P02769|ALBU_BOVIN.HLVDEPQNLIK.light,306782.9,,,1
435.910226,712.435201,14.11,sp|P02769|ALBU_BOVIN.HLVDEPQNLIK.+3y6.light,100,18.8,,,sp|P02769|ALBU_BOVIN.HLVDEPQNLIK.light,221813.3,,,1
435.910226,487.323859,14.11,sp|P02769|ALBU_BOVIN.HLVDEPQNLIK.+3y4.light,100,18.8,,,sp|P02769|ALBU_BOVIN.HLVDEPQNLIK.light,183892.1,,,2
435.910226,260.196868,14.11,sp|P02769|ALBU_BOVIN.HLVDEPQNLIK.+3y2.light,100,21.8,,,sp|P02769|ALBU_BOVIN.HLVDEPQNLIK.light,141130.3,,,2
435.910226,615.382437,14.11,sp|P02769|ALBU_BOVIN.HLVDEPQNLIK.+3y5.light,100,18.8,,,sp|P02769|ALBU_BOVIN.HLVDEPQNLIK.light,121364,,,2
435.910226,373.280932,14.11,sp|P02769|ALBU_BOVIN.HLVDEPQNLIK.+3y3.light,100,18.8,,,sp|P02769|ALBU_BOVIN.HLVDEPQNLIK.light,52847.06,,,2
449.555566,549.299101,12.92,sp|P80025|PERL_BOVIN.FGHMEVPSTVSR.+3y5.light,100,25.5,,,sp|P80025|PERL_BOVIN.FGHMEVPSTVSR.light,776029.3,,,1
449.555566,646.351865,12.92,sp|P80025|PERL_BOVIN.FGHMEVPSTVSR.+3y6.light,100,22.5,,,sp|P80025|PERL_BOVIN.FGHMEVPSTVSR.light,635665.2,,,1
449.555566,462.267073,12.92,sp|P80025|PERL_BOVIN.FGHMEVPSTVSR.+3y4.light,100,28.5,,,sp|P80025|PERL_BOVIN.FGHMEVPSTVSR.light,467765.4,,,2
449.555566,361.219394,12.92,sp|P80025|PERL_BOVIN.FGHMEVPSTVSR.+3y3.light,100,25.5,,,sp|P80025|PERL_BOVIN.FGHMEVPSTVSR.light,351031.6,,,2
449.555566,262.15098,12.92,sp|P80025|PERL_BOVIN.FGHMEVPSTVSR.+3y2.light,100,25.5,,,sp|P80025|PERL_BOVIN.FGHMEVPSTVSR.light,280808.6,,,2
449.555566,175.118952,12.92,sp|P80025|PERL_BOVIN.FGHMEVPSTVSR.+3y1.light,100,34.5,,,sp|P80025|PERL_BOVIN.FGHMEVPSTVSR.light,122881.2,,,2
489.940408,530.304521,19.28,sp|P80025|PERL_BOVIN.IHGFDLAAINLQR.+3y4.light,100,24.5,,,sp|P80025|PERL_BOVIN.IHGFDLAAINLQR.light,398783.6,,,1
489.940408,714.425699,19.28,sp|P80025|PERL_BOVIN.IHGFDLAAINLQR.+3y6.light,100,24.5,,,sp|P80025|PERL_BOVIN.IHGFDLAAINLQR.light,206610.1,,,1
489.940408,643.388585,19.28,sp|P80025|PERL_BOVIN.IHGFDLAAINLQR.+3y5.light,100,24.5,,,sp|P80025|PERL_BOVIN.IHGFDLAAINLQR.light,197515.3,,,2
489.940408,416.261593,19.28,sp|P80025|PERL_BOVIN.IHGFDLAAINLQR.+3y3.light,100,21.5,,,sp|P80025|PERL_BOVIN.IHGFDLAAINLQR.light,111515.7,,,2
489.940408,303.177529,19.28,sp|P80025|PERL_BOVIN.IHGFDLAAINLQR.+3y2.light,100,18.5,,,sp|P80025|PERL_BOVIN.IHGFDLAAINLQR.light,86720.44,,,2
489.940408,785.462812,19.28,sp|P80025|PERL_BOVIN.IHGFDLAAINLQR.+3y7.light,100,24.5,,,sp|P80025|PERL_BOVIN.IHGFDLAAINLQR.light,41489.22,,,2
770.366984,777.414131,22.88,sp|P80025|PERL_BOVIN.FWWENPGVFTEK.+2y7.light,100,43.5,,,sp|P80025|PERL_BOVIN.FWWENPGVFTEK.light,223581.8,,,1
770.366984,891.457058,22.88,sp|P80025|PERL_BOVIN.FWWENPGVFTEK.+2y8.light,100,37.5,,,sp|P80025|PERL_BOVIN.FWWENPGVFTEK.light,70352.52,,,1
770.366984,524.271489,22.88,sp|P80025|PERL_BOVIN.FWWENPGVFTEK.+2y4.light,100,49.5,,,sp|P80025|PERL_BOVIN.FWWENPGVFTEK.light,61715.14,,,2
770.366984,377.203075,22.88,sp|P80025|PERL_BOVIN.FWWENPGVFTEK.+2y3.light,100,49.5,,,sp|P80025|PERL_BOVIN.FWWENPGVFTEK.light,35751.75,,,2
770.366984,1020.499651,22.88,sp|P80025|PERL_BOVIN.FWWENPGVFTEK.+2y9.light,100,37.5,,,sp|P80025|PERL_BOVIN.FWWENPGVFTEK.light,44265.73,,,2
770.366984,1206.578964,22.88,sp|P80025|PERL_BOVIN.FWWENPGVFTEK.+2y10.light,100,34.5,,,sp|P80025|PERL_BOVIN.FWWENPGVFTEK.light,38493.73,,,2
500.731477,770.34678,17.44,sp|P00366|DHE3_BOVIN.MVEGFFDR.+2y6.light,100,24,,,sp|P00366|DHE3_BOVIN.MVEGFFDR.light,2163536,,,1
500.731477,641.304186,17.44,sp|P00366|DHE3_BOVIN.MVEGFFDR.+2y5.light,100,27,,,sp|P00366|DHE3_BOVIN.MVEGFFDR.light,927546.5,,,1
500.731477,869.415194,17.44,sp|P00366|DHE3_BOVIN.MVEGFFDR.+2y7.light,100,27,,,sp|P00366|DHE3_BOVIN.MVEGFFDR.light,284421.4,,,2
500.731477,437.214309,17.44,sp|P00366|DHE3_BOVIN.MVEGFFDR.+2y3.light,100,27,,,sp|P00366|DHE3_BOVIN.MVEGFFDR.light,194801.5,,,2
500.731477,290.145895,17.44,sp|P00366|DHE3_BOVIN.MVEGFFDR.+2y2.light,100,27,,,sp|P00366|DHE3_BOVIN.MVEGFFDR.light,143714.8,,,2
500.731477,584.282723,17.44,sp|P00366|DHE3_BOVIN.MVEGFFDR.+2y4.light,100,24,,,sp|P00366|DHE3_BOVIN.MVEGFFDR.light,122594.8,,,2
563.256568,848.399603,9.87,sp|P00366|DHE3_BOVIN.NYTDNELEK.+2y7.light,100,30.2,,,sp|P00366|DHE3_BOVIN.NYTDNELEK.light,202166.6,,,1
563.256568,747.351925,9.87,sp|P00366|DHE3_BOVIN.NYTDNELEK.+2y6.light,100,30.2,,,sp|P00366|DHE3_BOVIN.NYTDNELEK.light,75037.9,,,1
563.256568,276.155397,9.87,sp|P00366|DHE3_BOVIN.NYTDNELEK.+2y2.light,100,39.2,,,sp|P00366|DHE3_BOVIN.NYTDNELEK.light,22110.33,,,2
563.256568,632.324982,9.87,sp|P00366|DHE3_BOVIN.NYTDNELEK.+2y5.light,100,36.2,,,sp|P00366|DHE3_BOVIN.NYTDNELEK.light,30395.25,,,2
563.256568,389.239461,9.87,sp|P00366|DHE3_BOVIN.NYTDNELEK.+2y3.light,100,36.2,,,sp|P00366|DHE3_BOVIN.NYTDNELEK.light,19126.36,,,2
563.256568,1011.462932,9.87,sp|P00366|DHE3_BOVIN.NYTDNELEK.+2y8.light,100,30.2,,,sp|P00366|DHE3_BOVIN.NYTDNELEK.light,4276.193,,,2
579.968804,963.453036,16.91,sp|P00366|DHE3_BOVIN.HGGTIPIVPTAEFQDR.+3y8.light,100,29,,,sp|P00366|DHE3_BOVIN.HGGTIPIVPTAEFQDR.light,362854.7,,,1
579.968804,765.352593,16.91,sp|P00366|DHE3_BOVIN.HGGTIPIVPTAEFQDR.+3y6.light,100,35,,,sp|P00366|DHE3_BOVIN.HGGTIPIVPTAEFQDR.light,189256,,,1
579.968804,866.400272,16.91,sp|P00366|DHE3_BOVIN.HGGTIPIVPTAEFQDR.+3y7.light,100,29,,,sp|P00366|DHE3_BOVIN.HGGTIPIVPTAEFQDR.light,137830.3,,,2
579.968804,175.118952,16.91,sp|P00366|DHE3_BOVIN.HGGTIPIVPTAEFQDR.+3y1.light,100,41,,,sp|P00366|DHE3_BOVIN.HGGTIPIVPTAEFQDR.light,64963.76,,,2
579.968804,565.272886,16.91,sp|P00366|DHE3_BOVIN.HGGTIPIVPTAEFQDR.+3y4.light,100,38,,,sp|P00366|DHE3_BOVIN.HGGTIPIVPTAEFQDR.light,79229.91,,,2
579.968804,694.315479,16.91,sp|P00366|DHE3_BOVIN.HGGTIPIVPTAEFQDR.+3y5.light,100,32,,,sp|P00366|DHE3_BOVIN.HGGTIPIVPTAEFQDR.light,84291,,,2
471.575795,656.347448,15.55,sp|P00692|AMY_BACAM.SELQDAIGSLHSR.+3y6.light,100,26.6,,,sp|P00692|AMY_BACAM.SELQDAIGSLHSR.light,667393.5,,,1
471.575795,769.431512,15.55,sp|P00692|AMY_BACAM.SELQDAIGSLHSR.+3y7.light,100,26.6,,,sp|P00692|AMY_BACAM.SELQDAIGSLHSR.light,225655.8,,,1
471.575795,399.209892,15.55,sp|P00692|AMY_BACAM.SELQDAIGSLHSR.+3y3.light,100,29.6,,,sp|P00692|AMY_BACAM.SELQDAIGSLHSR.light,145895,,,2
471.575795,262.15098,15.55,sp|P00692|AMY_BACAM.SELQDAIGSLHSR.+3y2.light,100,35.6,,,sp|P00692|AMY_BACAM.SELQDAIGSLHSR.light,102914.8,,,2
471.575795,840.468626,15.55,sp|P00692|AMY_BACAM.SELQDAIGSLHSR.+3y8.light,100,29.6,,,sp|P00692|AMY_BACAM.SELQDAIGSLHSR.light,86027.84,,,2
471.575795,955.495569,15.55,sp|P00692|AMY_BACAM.SELQDAIGSLHSR.+3y9.light,100,23.6,,,sp|P00692|AMY_BACAM.SELQDAIGSLHSR.light,54573.95,,,2
480.279649,733.383893,13.29,sp|P00692|AMY_BACAM.LLDGTVVSR.+2y7.light,100,26,,,sp|P00692|AMY_BACAM.LLDGTVVSR.light,2316760,,,1
480.279649,618.35695,13.29,sp|P00692|AMY_BACAM.LLDGTVVSR.+2y6.light,100,35,,,sp|P00692|AMY_BACAM.LLDGTVVSR.light,704937.1,,,1
480.279649,846.467957,13.29,sp|P00692|AMY_BACAM.LLDGTVVSR.+2y8.light,100,26,,,sp|P00692|AMY_BACAM.LLDGTVVSR.light,276588.8,,,2
480.279649,361.219394,13.29,sp|P00692|AMY_BACAM.LLDGTVVSR.+2y3.light,100,26,,,sp|P00692|AMY_BACAM.LLDGTVVSR.light,157787.3,,,2
480.279649,460.287808,13.29,sp|P00692|AMY_BACAM.LLDGTVVSR.+2y4.light,100,23,,,sp|P00692|AMY_BACAM.LLDGTVVSR.light,162710.9,,,2
480.279649,262.15098,13.29,sp|P00692|AMY_BACAM.LLDGTVVSR.+2y2.light,100,38,,,sp|P00692|AMY_BACAM.LLDGTVVSR.light,86715.39,,,2
748.841861,838.405357,17.22,sp|P00692|AMY_BACAM.NAGETWYDITGNR.+2y7.light,100,42.4,,,sp|P00692|AMY_BACAM.NAGETWYDITGNR.light,69314.69,,,1
748.841861,675.342029,17.22,sp|P00692|AMY_BACAM.NAGETWYDITGNR.+2y6.light,100,39.4,,,sp|P00692|AMY_BACAM.NAGETWYDITGNR.light,47733.43,,,1
748.841861,447.231021,17.22,sp|P00692|AMY_BACAM.NAGETWYDITGNR.+2y4.light,100,33.4,,,sp|P00692|AMY_BACAM.NAGETWYDITGNR.light,25661.71,,,2
748.841861,560.315085,17.22,sp|P00692|AMY_BACAM.NAGETWYDITGNR.+2y5.light,100,51.4,,,sp|P00692|AMY_BACAM.NAGETWYDITGNR.light,23162.34,,,2
748.841861,1024.48467,17.22,sp|P00692|AMY_BACAM.NAGETWYDITGNR.+2y8.light,100,39.4,,,sp|P00692|AMY_BACAM.NAGETWYDITGNR.light,20752.85,,,2
748.841861,1125.532349,17.22,sp|P00692|AMY_BACAM.NAGETWYDITGNR.+2y9.light,100,36.4,,,sp|P00692|AMY_BACAM.NAGETWYDITGNR.light,18423.49,,,2
480.261456,630.35695,15.1,sp|P00433|PER1A_ARMRU.DTIVNELR.+2y5.light,100,26,,,sp|P00433|PER1A_ARMRU.DTIVNELR.light,4666074,,,1
480.261456,531.288536,15.1,sp|P00433|PER1A_ARMRU.DTIVNELR.+2y4.light,100,23,,,sp|P00433|PER1A_ARMRU.DTIVNELR.light,2414665,,,1
480.261456,743.441014,15.1,sp|P00433|PER1A_ARMRU.DTIVNELR.+2y6.light,100,23,,,sp|P00433|PER1A_ARMRU.DTIVNELR.light,1997838,,,2
480.261456,288.203016,15.1,sp|P00433|PER1A_ARMRU.DTIVNELR.+2y2.light,100,35,,,sp|P00433|PER1A_ARMRU.DTIVNELR.light,892418.4,,,2
480.261456,175.118952,15.1,sp|P00433|PER1A_ARMRU.DTIVNELR.+2y1.light,100,38,,,sp|P00433|PER1A_ARMRU.DTIVNELR.light,396076.1,,,2
480.261456,417.245609,15.1,sp|P00433|PER1A_ARMRU.DTIVNELR.+2y3.light,100,26,,,sp|P00433|PER1A_ARMRU.DTIVNELR.light,265365.5,,,2
468.245275,261.155731,13.73,sp|P00433|PER1A_ARMRU.TPTIFDNK.+2y2.light,100,25.4,,,sp|P00433|PER1A_ARMRU.TPTIFDNK.light,2452229,,,1
468.245275,737.382831,13.73,sp|P00433|PER1A_ARMRU.TPTIFDNK.+2y6.light,100,25.4,,,sp|P00433|PER1A_ARMRU.TPTIFDNK.light,1553736,,,1
468.245275,523.251088,13.73,sp|P00433|PER1A_ARMRU.TPTIFDNK.+2y4.light,100,25.4,,,sp|P00433|PER1A_ARMRU.TPTIFDNK.light,1373943,,,2
468.245275,636.335152,13.73,sp|P00433|PER1A_ARMRU.TPTIFDNK.+2y5.light,100,28.4,,,sp|P00433|PER1A_ARMRU.TPTIFDNK.light,953818.1,,,2
468.245275,376.182674,13.73,sp|P00433|PER1A_ARMRU.TPTIFDNK.+2y3.light,100,34.4,,,sp|P00433|PER1A_ARMRU.TPTIFDNK.light,488007.6,,,2
468.245275,834.435595,13.73,sp|P00433|PER1A_ARMRU.TPTIFDNK.+2y7.light,100,25.4,,,sp|P00433|PER1A_ARMRU.TPTIFDNK.light,213193.1,,,2
593.292953,859.451973,13.76,sp|P00433|PER1A_ARMRU.YYVNLEEQK.+2y7.light,100,28.7,,,sp|P00433|PER1A_ARMRU.YYVNLEEQK.light,1093575,,,1
593.292953,760.383559,13.76,sp|P00433|PER1A_ARMRU.YYVNLEEQK.+2y6.light,100,28.7,,,sp|P00433|PER1A_ARMRU.YYVNLEEQK.light,845377.1,,,1
593.292953,533.256568,13.76,sp|P00433|PER1A_ARMRU.YYVNLEEQK.+2y4.light,100,28.7,,,sp|P00433|PER1A_ARMRU.YYVNLEEQK.light,235611.9,,,2
593.292953,646.340632,13.76,sp|P00433|PER1A_ARMRU.YYVNLEEQK.+2y5.light,100,34.7,,,sp|P00433|PER1A_ARMRU.YYVNLEEQK.light,262080.2,,,2
593.292953,404.213974,13.76,sp|P00433|PER1A_ARMRU.YYVNLEEQK.+2y3.light,100,34.7,,,sp|P00433|PER1A_ARMRU.YYVNLEEQK.light,187459.5,,,2
593.292953,1022.515302,13.76,sp|P00433|PER1A_ARMRU.YYVNLEEQK.+2y8.light,100,28.7,,,sp|P00433|PER1A_ARMRU.YYVNLEEQK.light,113942,,,2
489.274366,793.420279,16.67,sp|P46406|G3P_RABIT.AITIFQER.+2y6.light,100,23.5,,,sp|P46406|G3P_RABIT.AITIFQER.light,689839.6,,,1
489.274366,579.288536,16.67,sp|P46406|G3P_RABIT.AITIFQER.+2y4.light,100,26.5,,,sp|P46406|G3P_RABIT.AITIFQER.light,433037.1,,,1
489.274366,692.3726,16.67,sp|P46406|G3P_RABIT.AITIFQER.+2y5.light,100,23.5,,,sp|P46406|G3P_RABIT.AITIFQER.light,198449.7,,,2
489.274366,175.118952,16.67,sp|P46406|G3P_RABIT.AITIFQER.+2y1.light,100,38.5,,,sp|P46406|G3P_RABIT.AITIFQER.light,74857.21,,,2
489.274366,432.220122,16.67,sp|P46406|G3P_RABIT.AITIFQER.+2y3.light,100,20.5,,,sp|P46406|G3P_RABIT.AITIFQER.light,71097.37,,,2
489.274366,304.161545,16.67,sp|P46406|G3P_RABIT.AITIFQER.+2y2.light,100,35.5,,,sp|P46406|G3P_RABIT.AITIFQER.light,34862.53,,,2
882.404826,743.347114,20.23,sp|P46406|G3P_RABIT.LISWYDNEFGYSNR.+2y6.light,100,52.1,,,sp|P46406|G3P_RABIT.LISWYDNEFGYSNR.light,34995.37,,,1
882.404826,596.2787,20.23,sp|P46406|G3P_RABIT.LISWYDNEFGYSNR.+2y5.light,100,46.1,,,sp|P46406|G3P_RABIT.LISWYDNEFGYSNR.light,24192.75,,,1
882.404826,376.193908,20.23,sp|P46406|G3P_RABIT.LISWYDNEFGYSNR.+2y3.light,100,40.1,,,sp|P46406|G3P_RABIT.LISWYDNEFGYSNR.light,15444.56,,,2
882.404826,1101.459578,20.23,sp|P46406|G3P_RABIT.LISWYDNEFGYSNR.+2y9.light,100,43.1,,,sp|P46406|G3P_RABIT.LISWYDNEFGYSNR.light,15587.5,,,2
882.404826,986.432635,20.23,sp|P46406|G3P_RABIT.LISWYDNEFGYSNR.+2y8.light,100,58.1,,,sp|P46406|G3P_RABIT.LISWYDNEFGYSNR.light,13648.65,,,2
882.404826,872.389707,20.23,sp|P46406|G3P_RABIT.LISWYDNEFGYSNR.+2y7.light,100,49.1,,,sp|P46406|G3P_RABIT.LISWYDNEFGYSNR.light,8141.165,,,2
509.751255,546.26305,13.71,sp|P00921|CAH2_BOVIN.DFPIANGER.+2y5.light,100,30.5,,,sp|P00921|CAH2_BOVIN.DFPIANGER.light,1356339,,,1
509.751255,756.399878,13.71,sp|P00921|CAH2_BOVIN.DFPIANGER.+2y7.light,100,27.5,,,sp|P00921|CAH2_BOVIN.DFPIANGER.light,1073128,,,1
509.751255,659.347114,13.71,sp|P00921|CAH2_BOVIN.DFPIANGER.+2y6.light,100,33.5,,,sp|P00921|CAH2_BOVIN.DFPIANGER.light,633088.4,,,2
509.751255,175.118952,13.71,sp|P00921|CAH2_BOVIN.DFPIANGER.+2y1.light,100,39.5,,,sp|P00921|CAH2_BOVIN.DFPIANGER.light,281578.5,,,2
509.751255,475.225936,13.71,sp|P00921|CAH2_BOVIN.DFPIANGER.+2y4.light,100,33.5,,,sp|P00921|CAH2_BOVIN.DFPIANGER.light,192425.4,,,2
509.751255,361.183009,13.71,sp|P00921|CAH2_BOVIN.DFPIANGER.+2y3.light,100,39.5,,,sp|P00921|CAH2_BOVIN.DFPIANGER.light,114026.1,,,2
490.245806,597.299101,12.02,sp|P00921|CAH2_BOVIN.DGPLTGTYR.+2y5.light,100,32.5,,,sp|P00921|CAH2_BOVIN.DGPLTGTYR.light,704614.4,,,1
490.245806,496.251423,12.02,sp|P00921|CAH2_BOVIN.DGPLTGTYR.+2y4.light,100,23.5,,,sp|P00921|CAH2_BOVIN.DGPLTGTYR.light,378434.6,,,1
490.245806,710.383165,12.02,sp|P00921|CAH2_BOVIN.DGPLTGTYR.+2y6.light,100,29.5,,,sp|P00921|CAH2_BOVIN.DGPLTGTYR.light,245273.7,,,2
490.245806,807.435929,12.02,sp|P00921|CAH2_BOVIN.DGPLTGTYR.+2y7.light,100,32.5,,,sp|P00921|CAH2_BOVIN.DGPLTGTYR.light,52172.83,,,2
490.245806,439.229959,12.02,sp|P00921|CAH2_BOVIN.DGPLTGTYR.+2y3.light,100,26.5,,,sp|P00921|CAH2_BOVIN.DGPLTGTYR.light,39467.32,,,2
490.245806,338.18228,12.02,sp|P00921|CAH2_BOVIN.DGPLTGTYR.+2y2.light,100,38.5,,,sp|P00921|CAH2_BOVIN.DGPLTGTYR.light,31451.04,,,2
487.281857,761.40396,16.81,sp|P00921|CAH2_BOVIN.VLDALDSIK.+2y7.light,100,23.4,,,sp|P00921|CAH2_BOVIN.VLDALDSIK.light,6660204,,,1
487.281857,646.377017,16.81,sp|P00921|CAH2_BOVIN.VLDALDSIK.+2y6.light,100,29.4,,,sp|P00921|CAH2_BOVIN.VLDALDSIK.light,1464061,,,1
487.281857,874.488024,16.81,sp|P00921|CAH2_BOVIN.VLDALDSIK.+2y8.light,100,26.4,,,sp|P00921|CAH2_BOVIN.VLDALDSIK.light,1223095,,,2
487.281857,347.228896,16.81,sp|P00921|CAH2_BOVIN.VLDALDSIK.+2y3.light,100,32.4,,,sp|P00921|CAH2_BOVIN.VLDALDSIK.light,921281.9,,,2
487.281857,462.255839,16.81,sp|P00921|CAH2_BOVIN.VLDALDSIK.+2y4.light,100,35.4,,,sp|P00921|CAH2_BOVIN.VLDALDSIK.light,629917.8,,,2
487.281857,575.339903,16.81,sp|P00921|CAH2_BOVIN.VLDALDSIK.+2y5.light,100,26.4,,,sp|P00921|CAH2_BOVIN.VLDALDSIK.light,621959.9,,,2
533.294964,853.430175,16.12,tr|B5B0D4|B5B0D4_BOVIN.VLVLDTDYK.+2y7.light,100,22.7,,,tr|B5B0D4|B5B0D4_BOVIN.VLVLDTDYK.light,1323434,,,1
533.294964,754.361761,16.12,tr|B5B0D4|B5B0D4_BOVIN.VLVLDTDYK.+2y6.light,100,25.7,,,tr|B5B0D4|B5B0D4_BOVIN.VLVLDTDYK.light,1163464,,,1
533.294964,310.176132,16.12,tr|B5B0D4|B5B0D4_BOVIN.VLVLDTDYK.+2y2.light,100,37.7,,,tr|B5B0D4|B5B0D4_BOVIN.VLVLDTDYK.light,732130.8,,,2
533.294964,641.277697,16.12,tr|B5B0D4|B5B0D4_BOVIN.VLVLDTDYK.+2y5.light,100,28.7,,,tr|B5B0D4|B5B0D4_BOVIN.VLVLDTDYK.light,589480.9,,,2
533.294964,526.250754,16.12,tr|B5B0D4|B5B0D4_BOVIN.VLVLDTDYK.+2y4.light,100,34.7,,,tr|B5B0D4|B5B0D4_BOVIN.VLVLDTDYK.light,362028.9,,,2
533.294964,966.514239,16.12,tr|B5B0D4|B5B0D4_BOVIN.VLVLDTDYK.+2y8.light,100,25.7,,,tr|B5B0D4|B5B0D4_BOVIN.VLVLDTDYK.light,105595.8,,,2
623.29589,918.441468,12.52,tr|B5B0D4|B5B0D4_BOVIN.TPEVDDEALEK.+2y8.light,100,39.2,,,tr|B5B0D4|B5B0D4_BOVIN.TPEVDDEALEK.light,91402.11,,,1
623.29589,704.346111,12.52,tr|B5B0D4|B5B0D4_BOVIN.TPEVDDEALEK.+2y6.light,100,30.2,,,tr|B5B0D4|B5B0D4_BOVIN.TPEVDDEALEK.light,47898.99,,,1
623.29589,819.373054,12.52,tr|B5B0D4|B5B0D4_BOVIN.TPEVDDEALEK.+2y7.light,100,33.2,,,tr|B5B0D4|B5B0D4_BOVIN.TPEVDDEALEK.light,38208.78,,,2
623.29589,276.155397,12.52,tr|B5B0D4|B5B0D4_BOVIN.TPEVDDEALEK.+2y2.light,100,45.2,,,tr|B5B0D4|B5B0D4_BOVIN.TPEVDDEALEK.light,7893.472,,,2
623.29589,1144.536825,12.52,tr|B5B0D4|B5B0D4_BOVIN.TPEVDDEALEK.+2y10.light,100,36.2,,,tr|B5B0D4|B5B0D4_BOVIN.TPEVDDEALEK.light,11983.53,,,2
623.29589,1047.484061,12.52,tr|B5B0D4|B5B0D4_BOVIN.TPEVDDEALEK.+2y9.light,100,36.2,,,tr|B5B0D4|B5B0D4_BOVIN.TPEVDDEALEK.light,3125.465,,,2
858.406511,815.335229,19.61,tr|B5B0D4|B5B0D4_BOVIN.LSFNPTQLEEQC[CAM]HI.+2y6.light,100,41.9,,,tr|B5B0D4|B5B0D4_BOVIN.LSFNPTQLEEQC[CAM]HI.light,41025.18,,,1
858.406511,928.419293,19.61,tr|B5B0D4|B5B0D4_BOVIN.LSFNPTQLEEQC[CAM]HI.+2y7.light,100,44.9,,,tr|B5B0D4|B5B0D4_BOVIN.LSFNPTQLEEQC[CAM]HI.light,38837.68,,,1
858.406511,686.292636,19.61,tr|B5B0D4|B5B0D4_BOVIN.LSFNPTQLEEQC[CAM]HI.+2y5.light,100,47.9,,,tr|B5B0D4|B5B0D4_BOVIN.LSFNPTQLEEQC[CAM]HI.light,28541.94,,,2
858.406511,269.160817,19.61,tr|B5B0D4|B5B0D4_BOVIN.LSFNPTQLEEQC[CAM]HI.+2y2.light,100,56.9,,,tr|B5B0D4|B5B0D4_BOVIN.LSFNPTQLEEQC[CAM]HI.light,23351.39,,,2
858.406511,1056.47787,19.61,tr|B5B0D4|B5B0D4_BOVIN.LSFNPTQLEEQC[CAM]HI.+2y8.light,100,41.9,,,tr|B5B0D4|B5B0D4_BOVIN.LSFNPTQLEEQC[CAM]HI.light,8883.338,,,2
858.406511,1157.525549,19.61,tr|B5B0D4|B5B0D4_BOVIN.LSFNPTQLEEQC[CAM]HI.+2y9.light,100,47.9,,,tr|B5B0D4|B5B0D4_BOVIN.LSFNPTQLEEQC[CAM]HI.light,7239.211,,,2
446.565119,416.261593,11.83,tr|D4QBB3|D4QBB3_BOVIN.VHVDEVGGEALGR.+3y4.light,100,22.3,,,tr|D4QBB3|D4QBB3_BOVIN.VHVDEVGGEALGR.light,73700.23,,,1
446.565119,232.140415,11.83,tr|D4QBB3|D4QBB3_BOVIN.VHVDEVGGEALGR.+3y2.light,100,25.3,,,tr|D4QBB3|D4QBB3_BOVIN.VHVDEVGGEALGR.light,50559.29,,,1
446.565119,345.22448,11.83,tr|D4QBB3|D4QBB3_BOVIN.VHVDEVGGEALGR.+3y3.light,100,16.3,,,tr|D4QBB3|D4QBB3_BOVIN.VHVDEVGGEALGR.light,43323.02,,,2
446.565119,659.347114,11.83,tr|D4QBB3|D4QBB3_BOVIN.VHVDEVGGEALGR.+3y7.light,100,22.3,,,tr|D4QBB3|D4QBB3_BOVIN.VHVDEVGGEALGR.light,40046.2,,,2
446.565119,602.32565,11.83,tr|D4QBB3|D4QBB3_BOVIN.VHVDEVGGEALGR.+3y6.light,100,22.3,,,tr|D4QBB3|D4QBB3_BOVIN.VHVDEVGGEALGR.light,15267.42,,,2
446.565119,545.304186,11.83,tr|D4QBB3|D4QBB3_BOVIN.VHVDEVGGEALGR.+3y5.light,100,19.3,,,tr|D4QBB3|D4QBB3_BOVIN.VHVDEVGGEALGR.light,12562.82,,,2
549.782556,634.319502,12.71,tr|D4QBB3|D4QBB3_BOVIN.LHVDPENFK.+2y5.light,100,32.5,,,tr|D4QBB3|D4QBB3_BOVIN.LHVDPENFK.light,107039.6,,,1
549.782556,848.414859,12.71,tr|D4QBB3|D4QBB3_BOVIN.LHVDPENFK.+2y7.light,100,26.5,,,tr|D4QBB3|D4QBB3_BOVIN.LHVDPENFK.light,49785.66,,,1
549.782556,749.346445,12.71,tr|D4QBB3|D4QBB3_BOVIN.LHVDPENFK.+2y6.light,100,29.5,,,tr|D4QBB3|D4QBB3_BOVIN.LHVDPENFK.light,16088.04,,,2
549.782556,294.181218,12.71,tr|D4QBB3|D4QBB3_BOVIN.LHVDPENFK.+2y2.light,100,38.5,,,tr|D4QBB3|D4QBB3_BOVIN.LHVDPENFK.light,9873.386,,,2
549.782556,408.224145,12.71,tr|D4QBB3|D4QBB3_BOVIN.LHVDPENFK.+2y3.light,100,38.5,,,tr|D4QBB3|D4QBB3_BOVIN.LHVDPENFK.light,9842.313,,,2
549.782556,147.112804,12.71,tr|D4QBB3|D4QBB3_BOVIN.LHVDPENFK.+2y1.light,100,32.5,,,tr|D4QBB3|D4QBB3_BOVIN.LHVDPENFK.light,10682.24,,,2
765.370786,745.383893,11.85,sp|P01966|HBA_BOVIN.VGGHAAEYGAEALER.+2y7.light,100,49.3,,,sp|P01966|HBA_BOVIN.VGGHAAEYGAEALER.light,11313.64,,,1
765.370786,908.447222,11.85,sp|P01966|HBA_BOVIN.VGGHAAEYGAEALER.+2y8.light,100,46.3,,,sp|P01966|HBA_BOVIN.VGGHAAEYGAEALER.light,10894.95,,,1
765.370786,1108.526929,11.85,sp|P01966|HBA_BOVIN.VGGHAAEYGAEALER.+2y10.light,100,49.3,,,sp|P01966|HBA_BOVIN.VGGHAAEYGAEALER.light,8469.833,,,2
765.370786,1179.564043,11.85,sp|P01966|HBA_BOVIN.VGGHAAEYGAEALER.+2y11.light,100,40.3,,,sp|P01966|HBA_BOVIN.VGGHAAEYGAEALER.light,3390.787,,,2
765.370786,1037.489815,11.85,sp|P01966|HBA_BOVIN.VGGHAAEYGAEALER.+2y9.light,100,49.3,,,sp|P01966|HBA_BOVIN.VGGHAAEYGAEALER.light,2835.406,,,2
765.370786,488.282723,11.85,sp|P01966|HBA_BOVIN.VGGHAAEYGAEALER.+2y4.light,100,49.3,,,sp|P01966|HBA_BOVIN.VGGHAAEYGAEALER.light,1503.454,,,2
536.280803,793.445431,19.98,sp|P01966|HBA_BOVIN.MFLSFPTTK.+2y7.light,100,25.8,,,sp|P01966|HBA_BOVIN.MFLSFPTTK.light,83645.69,,,1
536.280803,446.260925,19.98,sp|P01966|HBA_BOVIN.MFLSFPTTK.+2y4.light,100,34.8,,,sp|P01966|HBA_BOVIN.MFLSFPTTK.light,72717.41,,,1
536.280803,680.361367,19.98,sp|P01966|HBA_BOVIN.MFLSFPTTK.+2y6.light,100,25.8,,,sp|P01966|HBA_BOVIN.MFLSFPTTK.light,38206.63,,,2
536.280803,593.329339,19.98,sp|P01966|HBA_BOVIN.MFLSFPTTK.+2y5.light,100,22.8,,,sp|P01966|HBA_BOVIN.MFLSFPTTK.light,14713.99,,,2
536.280803,248.160482,19.98,sp|P01966|HBA_BOVIN.MFLSFPTTK.+2y2.light,100,37.8,,,sp|P01966|HBA_BOVIN.MFLSFPTTK.light,7667.183,,,2
536.280803,940.513845,19.98,sp|P01966|HBA_BOVIN.MFLSFPTTK.+2y8.light,100,25.8,,,sp|P01966|HBA_BOVIN.MFLSFPTTK.light,7776.787,,,2
437.711933,737.357679,7.65,tr|B8YK79|B8YK79_CHICK.HGLDNYR.+2y6.light,100,26.9,,,tr|B8YK79|B8YK79_CHICK.HGLDNYR.light,208705.9,,,1
437.711933,452.225208,7.65,tr|B8YK79|B8YK79_CHICK.HGLDNYR.+2y3.light,100,32.9,,,tr|B8YK79|B8YK79_CHICK.HGLDNYR.light,46272.78,,,1
437.711933,680.336215,7.65,tr|B8YK79|B8YK79_CHICK.HGLDNYR.+2y5.light,100,26.9,,,tr|B8YK79|B8YK79_CHICK.HGLDNYR.light,55676.61,,,2
437.711933,175.118952,7.65,tr|B8YK79|B8YK79_CHICK.HGLDNYR.+2y1.light,100,35.9,,,tr|B8YK79|B8YK79_CHICK.HGLDNYR.light,21465.64,,,2
437.711933,567.252151,7.65,tr|B8YK79|B8YK79_CHICK.HGLDNYR.+2y4.light,100,29.9,,,tr|B8YK79|B8YK79_CHICK.HGLDNYR.light,16835.91,,,2
437.711933,338.18228,7.65,tr|B8YK79|B8YK79_CHICK.HGLDNYR.+2y2.light,100,29.9,,,tr|B8YK79|B8YK79_CHICK.HGLDNYR.light,6433.271,,,2
714.828754,804.395855,11.55,tr|B8YK79|B8YK79_CHICK.FESNFNTQATNR.+2y7.light,100,34.7,,,tr|B8YK79|B8YK79_CHICK.FESNFNTQATNR.light,398018.4,,,1
714.828754,690.352928,11.55,tr|B8YK79|B8YK79_CHICK.FESNFNTQATNR.+2y6.light,100,43.7,,,tr|B8YK79|B8YK79_CHICK.FESNFNTQATNR.light,245275.8,,,1
714.828754,461.246672,11.55,tr|B8YK79|B8YK79_CHICK.FESNFNTQATNR.+2y4.light,100,37.7,,,tr|B8YK79|B8YK79_CHICK.FESNFNTQATNR.light,216452.5,,,2
714.828754,390.209558,11.55,tr|B8YK79|B8YK79_CHICK.FESNFNTQATNR.+2y3.light,100,37.7,,,tr|B8YK79|B8YK79_CHICK.FESNFNTQATNR.light,134187.5,,,2
714.828754,951.464269,11.55,tr|B8YK79|B8YK79_CHICK.FESNFNTQATNR.+2y8.light,100,34.7,,,tr|B8YK79|B8YK79_CHICK.FESNFNTQATNR.light,134245.8,,,2
714.828754,1152.539225,11.55,tr|B8YK79|B8YK79_CHICK.FESNFNTQATNR.+2y10.light,100,40.7,,,tr|B8YK79|B8YK79_CHICK.FESNFNTQATNR.light,102844,,,2
523.274898,673.37802,16.48,tr|B8YK79|B8YK79_CHICK.GTDVQAWIR.+2y5.light,100,25.2,,,tr|B8YK79|B8YK79_CHICK.GTDVQAWIR.light,42273.68,,,1
523.274898,545.319443,16.48,tr|B8YK79|B8YK79_CHICK.GTDVQAWIR.+2y4.light,100,34.2,,,tr|B8YK79|B8YK79_CHICK.GTDVQAWIR.light,23345.6,,,1
523.274898,887.473377,16.48,tr|B8YK79|B8YK79_CHICK.GTDVQAWIR.+2y7.light,100,22.2,,,tr|B8YK79|B8YK79_CHICK.GTDVQAWIR.light,7266.468,,,2
523.274898,474.282329,16.48,tr|B8YK79|B8YK79_CHICK.GTDVQAWIR.+2y3.light,100,25.2,,,tr|B8YK79|B8YK79_CHICK.GTDVQAWIR.light,7768.76,,,2
523.274898,772.446434,16.48,tr|B8YK79|B8YK79_CHICK.GTDVQAWIR.+2y6.light,100,22.2,,,tr|B8YK79|B8YK79_CHICK.GTDVQAWIR.light,5447.783,,,2
523.274898,288.203016,16.48,tr|B8YK79|B8YK79_CHICK.GTDVQAWIR.+2y2.light,100,22.2,,,tr|B8YK79|B8YK79_CHICK.GTDVQAWIR.light,5825.601,,,2
